<ImportExportXml xmlns:xsi="http://www.w3.org/2001/XMLSchema-instance">
  <Entities></Entities>
  <Roles></Roles>
  <Workflows>
    <Workflow WorkflowId="{c1ce0be5-3a06-ee11-8f6e-000d3a0a1cb3}" Name="💻 Create Local File Online">
      <JsonFileName>/Workflows/CreateLocalFileOnline-C1CE0BE5-3A06-EE11-8F6E-000D3A0A1CB3.json</JsonFileName>
      <Type>1</Type>
      <Subprocess>0</Subprocess>
      <Category>6</Category>
      <Mode>0</Mode>
      <Scope>4</Scope>
      <OnDemand>0</OnDemand>
      <TriggerOnCreate>0</TriggerOnCreate>
      <TriggerOnDelete>0</TriggerOnDelete>
      <AsyncAutodelete>0</AsyncAutodelete>
      <SyncWorkflowLogOnFailure>0</SyncWorkflowLogOnFailure>
      <StateCode>1</StateCode>
      <StatusCode>2</StatusCode>
      <RunAs>1</RunAs>
      <IsTransacted>1</IsTransacted>
      <IntroducedVersion>1.0</IntroducedVersion>
      <IsCustomizable>1</IsCustomizable>
      <BusinessProcessType>0</BusinessProcessType>
      <UIFlowType>2</UIFlowType>
      <IsCustomProcessingStepAllowedForOtherPublishers>1</IsCustomProcessingStepAllowedForOtherPublishers>
      <Metadata>{"isvalid":true,"schemaVersion":"ROBIN_20211012","containsActiveConnections":false}</Metadata>
      <Inputs>{"schema":{"properties":{"FileContent":{"default":"","description":"Base 64 String - If in Data URI Format, decode data URI and encode Base 64","format":null,"title":"File Content","type":"string","value":""},"LocalDestination":{"default":"","description":"Local location whereby the accountants will access the file\r\n","format":null,"title":"Local Destination","type":"string","value":""}},"type":"object"}}</Inputs>
      <Outputs>{"schema":{"properties":{"StatusCode":{"default":"","description":"Indicates the status of the flow on termination","format":null,"title":"Status Code","type":"number","value":null}},"type":"object"}}</Outputs>
      <Dependencies>{"childFlows":[]}</Dependencies>
      <ConnectionReferences>[]</ConnectionReferences>
      <Definition>"@@ConnectionString: ''\r\n@@Type: 'Local'\r\n@@DisplayName: 'Computer'\r\nIMPORT 'controlRepo.appmask' AS appmask\r\nIMPORT 'imageRepo.imgrepo' AS imgrepo\r\n@SENSITIVE: []\r\n@INPUT FileContent : { 'Description': 'Base 64 String - If in Data URI Format, decode data URI and encode Base 64', 'FriendlyName': 'File Content', 'DefaultValue': '', 'Type': 'String' } \r\n@INPUT LocalDestination : { 'Description': '''Local location whereby the accountants will access the file\r\n''', 'FriendlyName': 'Local Destination', 'DefaultValue': '', 'Type': 'String' } \r\n@OUTPUT StatusCode : { 'Description': 'Indicates the status of the flow on termination', 'FriendlyName': 'Status Code', 'Type': 'Numeric' } \r\n/# PURPOSE:\r\nThis operation creates a file at a given destination with provided file contents.\r\nOverwrites the file if one alrteady exists at the provided location. #/\r\n/# INPUT: \r\nFile Content (base 64 string) - The content of the file.\r\nLocal Destination (string) - The unique path of the file. If the path is not uinique the one at the location is overwitten.#/\r\n/# OUTPUT:\r\nStatus Code (int) - indicates the status of the flow on temriantion\r\n 0: success\r\n-1: could not save file#/\r\nSET StatusCode TO 0\r\nFile.ConvertFromBase64 Base64Text: FileContent File: LocalDestination IfFileExists: File.IfExists.Overwrite\r\nON ERROR\r\n    SET StatusCode TO -1\r\nEND\r\n"</Definition>
      <SchemaVersion>2022.06</SchemaVersion>
      <PrimaryEntity>none</PrimaryEntity>
      <LocalizedNames>
        <LocalizedName languagecode="1033" description="💻 Create Local File Online" />
      </LocalizedNames>
    </Workflow>
    <Workflow WorkflowId="{a0d88105-3b06-ee11-8f6e-000d3a0a1cb3}" Name="💻 Find local files in folder by path Online">
      <JsonFileName>/Workflows/FindlocalfilesinfolderbypathOnline-A0D88105-3B06-EE11-8F6E-000D3A0A1CB3.json</JsonFileName>
      <Type>1</Type>
      <Subprocess>0</Subprocess>
      <Category>6</Category>
      <Mode>0</Mode>
      <Scope>4</Scope>
      <OnDemand>0</OnDemand>
      <TriggerOnCreate>0</TriggerOnCreate>
      <TriggerOnDelete>0</TriggerOnDelete>
      <AsyncAutodelete>0</AsyncAutodelete>
      <SyncWorkflowLogOnFailure>0</SyncWorkflowLogOnFailure>
      <StateCode>1</StateCode>
      <StatusCode>2</StatusCode>
      <RunAs>1</RunAs>
      <IsTransacted>1</IsTransacted>
      <IntroducedVersion>1.0</IntroducedVersion>
      <IsCustomizable>1</IsCustomizable>
      <BusinessProcessType>0</BusinessProcessType>
      <UIFlowType>2</UIFlowType>
      <IsCustomProcessingStepAllowedForOtherPublishers>1</IsCustomProcessingStepAllowedForOtherPublishers>
      <Metadata>{"isvalid":true,"schemaVersion":"ROBIN_20211012","containsActiveConnections":false}</Metadata>
      <Inputs>{"schema":{"properties":{"SearchFilter":{"default":"","description":"The file search filter. Includes wildcards like * but is not regex based.","format":null,"title":"Search Filter","type":"string","value":"*"},"SearchFolder":{"default":"","description":"Folder to search through","format":null,"title":"Search Folder","type":"string","value":"/"},"GetFullName":{"default":"","description":"If true then gets the absolute path of the file, otherwise, gets the filename with extension","format":null,"title":"Get Full Name","type":"boolean","value":"False"}},"type":"object"}}</Inputs>
      <Outputs>{"schema":{"properties":{"StatusCode":{"default":"","description":"Indicates the state of the flow on termination","format":null,"title":"Status Code","type":"number","value":null},"FileNames":{"default":"","description":"List of files found in a folder ","format":null,"title":"File Names","type":"string","value":null}},"type":"object"}}</Outputs>
      <Dependencies>{"childFlows":[]}</Dependencies>
      <ConnectionReferences>[]</ConnectionReferences>
      <Definition>"@@ConnectionString: ''\r\n@@Type: 'Local'\r\n@@DisplayName: 'Computer'\r\nIMPORT 'controlRepo.appmask' AS appmask\r\nIMPORT 'imageRepo.imgrepo' AS imgrepo\r\n@SENSITIVE: []\r\n@INPUT SearchFilter : { 'Description': 'The file search filter. Includes wildcards like * but is not regex based.', 'FriendlyName': 'Search Filter', 'DefaultValue': '*', 'Type': 'String' } \r\n@INPUT SearchFolder : { 'Description': 'Folder to search through', 'FriendlyName': 'Search Folder', 'DefaultValue': '/', 'Type': 'String' } \r\n@OUTPUT StatusCode : { 'Description': 'Indicates the state of the flow on termination', 'FriendlyName': 'Status Code', 'Type': 'Numeric' } \r\n@OUTPUT FileNames : { 'Description': 'List of files found in a folder ', 'FriendlyName': 'File Names', 'Type': 'String' } \r\n@INPUT GetFullName : { 'Description': 'If true then gets the absolute path of the file, otherwise, gets the filename with extension', 'FriendlyName': 'Get Full Name', 'DefaultValue': False, 'Type': 'Bool' } \r\n/#  PURPOSE\r\nThis operation finds files within a folder using search or name pattern match.#/\r\n/# INPUT\r\nSearch Filter (string): Used to match file names\r\nSearch Folder (string): Absolute local path to folder#/\r\n/# OUTPUT\r\nStatus Code (Integer) - Indicates the flow status on termination.\r\n 0: Success\r\n-1: Failure#/\r\n# File Names (Array) - Stringified array containing all file names found in folder matching the search pattern\r\nFolder.GetFiles Folder: SearchFolder FileFilter: SearchFilter IncludeSubfolders: False FailOnAccessDenied: True SortBy1: Folder.SortBy.NoSort SortDescending1: False SortBy2: Folder.SortBy.NoSort SortDescending2: False SortBy3: Folder.SortBy.NoSort SortDescending3: False Files=&gt; Files\r\nON ERROR\r\n    SET StatusCode TO -1\r\n    THROW ERROR\r\nEND\r\nSET FileNames TO $'''['''\r\nSET Count TO 1\r\nLOOP FOREACH CurrentItem IN Files\r\n    IF GetFullName = $'''true''' THEN\r\n        Text.Replace Text: CurrentItem.FullName TextToFind: $'''\\\\''' IsRegEx: False IgnoreCase: False ReplaceWith: $'''/''' ActivateEscapeSequences: False Result=&gt; CurrentName\r\n        CALL GetFullName\r\n    END\r\n    IF GetFullName = $'''false''' THEN\r\n        Text.Replace Text: CurrentItem.Name TextToFind: $'''\\\\''' IsRegEx: False IgnoreCase: False ReplaceWith: $'''/''' ActivateEscapeSequences: False Result=&gt; CurrentName\r\n        CALL GetFileName\r\n    END\r\n    Variables.IncreaseVariable Value: Count IncrementValue: 1\r\nEND\r\nDISABLE Display.ShowMessageDialog.ShowMessage Title: $'''Files''' Message: FileNames Icon: Display.Icon.None Buttons: Display.Buttons.OK DefaultButton: Display.DefaultButton.Button1 IsTopMost: False ButtonPressed=&gt; ButtonPressed\r\nFUNCTION GetFullName GLOBAL\r\n    IF Count = Files.Count THEN\r\n        Text.AppendLine Text: FileNames LineToAppend: $'''\\\"%CurrentName%\\\"]''' Result=&gt; FileNames\r\n    ELSE IF Count &lt; Files.Count THEN\r\n        Text.AppendLine Text: FileNames LineToAppend: $'''\\\"%CurrentName%\\\",''' Result=&gt; FileNames\r\n    END\r\nEND FUNCTION\r\nFUNCTION GetFileName GLOBAL\r\n    IF Count = Files.Count THEN\r\n        Text.AppendLine Text: FileNames LineToAppend: $'''\\\"%CurrentName%\\\"]''' Result=&gt; FileNames\r\n    ELSE IF Count &lt; Files.Count THEN\r\n        Text.AppendLine Text: FileNames LineToAppend: $'''\\\"%CurrentName%\\\",''' Result=&gt; FileNames\r\n    END\r\nEND FUNCTION\r\n"</Definition>
      <SchemaVersion>2022.06</SchemaVersion>
      <PrimaryEntity>none</PrimaryEntity>
      <LocalizedNames>
        <LocalizedName languagecode="1033" description="💻 Find local files in folder by path Online" />
      </LocalizedNames>
    </Workflow>
    <Workflow WorkflowId="{2d4b2a30-3b06-ee11-8f6e-000d3a0a1cb3}" Name="💻 ZIP Folder Online">
      <JsonFileName>/Workflows/ZIPFolderOnline-2D4B2A30-3B06-EE11-8F6E-000D3A0A1CB3.json</JsonFileName>
      <Type>1</Type>
      <Subprocess>0</Subprocess>
      <Category>6</Category>
      <Mode>0</Mode>
      <Scope>4</Scope>
      <OnDemand>0</OnDemand>
      <TriggerOnCreate>0</TriggerOnCreate>
      <TriggerOnDelete>0</TriggerOnDelete>
      <AsyncAutodelete>0</AsyncAutodelete>
      <SyncWorkflowLogOnFailure>0</SyncWorkflowLogOnFailure>
      <StateCode>1</StateCode>
      <StatusCode>2</StatusCode>
      <RunAs>1</RunAs>
      <IsTransacted>1</IsTransacted>
      <IntroducedVersion>1.0</IntroducedVersion>
      <IsCustomizable>1</IsCustomizable>
      <BusinessProcessType>0</BusinessProcessType>
      <UIFlowType>2</UIFlowType>
      <IsCustomProcessingStepAllowedForOtherPublishers>1</IsCustomProcessingStepAllowedForOtherPublishers>
      <Metadata>{"isvalid":true,"schemaVersion":"ROBIN_20211012","containsActiveConnections":false}</Metadata>
      <Inputs>{"schema":{"properties":{"Files":{"default":"","description":"A list of objects. Each object represents a file to archive with the props\r\n- FileName: string - File name including extension\r\n- FileContent: Base64 string - content of file","format":null,"title":"Files","type":"array","value":"[\r\n]\r\n"}},"type":"object"}}</Inputs>
      <Outputs>{"schema":{"properties":{"StatusCode":{"default":"","description":"Indicates the status of the flow on termination","format":null,"title":"Status Code","type":"number","value":null},"ZIPContent":{"default":"","description":"The archived files\r\n","format":null,"title":"ZIP Content","type":"string","value":null}},"type":"object"}}</Outputs>
      <Dependencies>{"childFlows":["d142892e-2406-451e-b32a-980cf3150a19","a8a6adc2-af1f-4fe3-9f00-cedfc007d514"]}</Dependencies>
      <ConnectionReferences>[]</ConnectionReferences>
      <Definition>"@@ConnectionString: ''\r\n@@Type: 'Local'\r\n@@DisplayName: 'Computer'\r\nIMPORT 'controlRepo.appmask' AS appmask\r\nIMPORT 'imageRepo.imgrepo' AS imgrepo\r\n@SENSITIVE: []\r\n@INPUT Files : { 'Description': '''A list of objects. Each object represents a file to archive with the props\r\n- FileName: string - File name including extension\r\n- FileContent: Base64 string - content of file''', 'FriendlyName': 'Files', 'DefaultValue': [], 'Type': 'List' } \r\n@OUTPUT StatusCode : { 'Description': 'Indicates the status of the flow on termination', 'FriendlyName': 'Status Code', 'Type': 'Numeric' } \r\n@OUTPUT ZIPContent : { 'Description': '''The archived files\r\n''', 'FriendlyName': 'ZIP Content', 'Type': 'String' } \r\n# PURPOSE: Gets the content of an archived file given a list of files to archive\r\n/# INPUT\r\n---------------------#/\r\n/# Files \r\nA list of objects. Each object represents a file to archive with the props\r\n- FileName: string - File name including extension\r\n- FileContent: Base64 string - content of file\r\n#/\r\n/# OUTPUTS\r\n---------------------#/\r\n/# Status Code\r\nIndicates the status of the flow on termination\r\n(Click to see expand codes)\r\n\r\n 0: Success\r\n-1: Could not fetch files\r\n-2: Cound not ZIP\r\n-3: Could not CleanUp\r\n-4: Could not get Archive File Content#/\r\n/# ZIP Content -An object reprsenting the content of the archive file. Example:\r\n{\"$content-type\": \"application/zip\",\r\n\"$content\": \"base 64 string\"}#/\r\nSET TempLocation TO $'''C:\\\\Users\\\\arianaavdoulos\\\\OneDrive - Essex Powerlines Corporation\\\\Desktop\\\\Power Automate\\\\Temp'''\r\nSET ZIPLocation TO $'''C:\\\\Users\\\\arianaavdoulos\\\\OneDrive - Essex Powerlines Corporation\\\\Desktop\\\\Power Automate\\\\ZIPPED.zip'''\r\nCALL CreateFilesLocally\r\nCompression.ZipFiles ArchivePath: ZIPLocation FilesOrFoldersToZip: TempLocation CompressionLevel: Compression.CompressionLevel.BestBalanceOfSpeedAndCompression ArchiveComment: $'''''' ZipFile=&gt; ZipFile\r\nON ERROR\r\n    SET StatusCode TO -2\r\nEND\r\n@@flowname: 'Get Local File Content Using Path'\r\nExternal.RunFlow FlowId: 'a8a6adc2-af1f-4fe3-9f00-cedfc007d514' @FilePath: ZIPLocation @FileContent=&gt; FileContent @StatusCode=&gt; StatusCode3\r\nON ERROR\r\n    SET StatusCode TO -4\r\n    THROW ERROR\r\nEND\r\nCALL CleanUp\r\nSET ZIPContent TO FileContent\r\nFUNCTION CreateFilesLocally GLOBAL\r\n    SET Count TO 0\r\n    LOOP WHILE (Count) &lt; (Files.Count)\r\n        DISABLE Display.ShowMessageDialog.ShowMessage Title: $'''Current Item''' Message: Files[Count].FileName Icon: Display.Icon.None Buttons: Display.Buttons.OK DefaultButton: Display.DefaultButton.Button1 IsTopMost: False ButtonPressed=&gt; ButtonPressed\r\n        @@flowname: 'Create Local File'\r\n        External.RunFlow FlowId: 'd142892e-2406-451e-b32a-980cf3150a19' @FileContent: Files[Count].FileContent @LocalDestination: $'''%TempLocation%\\\\%Files[Count].FileName%''' @StatusCode=&gt; StatusCode2\r\n                ON ERROR\r\n                    SET StatusCode TO -1\r\n                END\r\n        IF StatusCode2 &lt;&gt; 0 THEN\r\n            SET StatusCode TO -1\r\n        END\r\n        Variables.IncreaseVariable Value: Count IncrementValue: 1\r\n    END\r\n    IF StatusCode &lt;&gt; 0 THEN\r\n        EXIT Code: 0 ErrorMessage: $'''Could not fetch files - please check that Files input variable is in correct format'''\r\n    END\r\nEND FUNCTION\r\nFUNCTION CleanUp GLOBAL\r\n    File.Delete Files: ZIPLocation\r\n    ON ERROR\r\n        SET StatusCode TO -3\r\n    END\r\n    SET Count TO 0\r\n    LOOP WHILE (Count) &lt; (Files.Count)\r\n        File.Delete Files: $'''%TempLocation%\\\\%Files[Count].FileName%'''\r\n                ON ERROR\r\n                    SET StatusCode TO -3\r\n                END\r\n        Variables.IncreaseVariable Value: Count IncrementValue: 1\r\n    END\r\n    IF StatusCode &lt;&gt; 0 THEN\r\n        EXIT Code: 0 ErrorMessage: $'''Could clean up temp operations - please clean manually'''\r\n    END\r\nEND FUNCTION\r\n"</Definition>
      <SchemaVersion>2022.06</SchemaVersion>
      <PrimaryEntity>none</PrimaryEntity>
      <LocalizedNames>
        <LocalizedName languagecode="1033" description="💻 ZIP Folder Online" />
      </LocalizedNames>
    </Workflow>
    <Workflow WorkflowId="{65e31556-3b06-ee11-8f6e-000d3a0a1cb3}" Name="💻 Get Local File Content Using Path Online">
      <JsonFileName>/Workflows/GetLocalFileContentUsingPathOnline-65E31556-3B06-EE11-8F6E-000D3A0A1CB3.json</JsonFileName>
      <Type>1</Type>
      <Subprocess>0</Subprocess>
      <Category>6</Category>
      <Mode>0</Mode>
      <Scope>4</Scope>
      <OnDemand>0</OnDemand>
      <TriggerOnCreate>0</TriggerOnCreate>
      <TriggerOnDelete>0</TriggerOnDelete>
      <AsyncAutodelete>0</AsyncAutodelete>
      <SyncWorkflowLogOnFailure>0</SyncWorkflowLogOnFailure>
      <StateCode>1</StateCode>
      <StatusCode>2</StatusCode>
      <RunAs>1</RunAs>
      <IsTransacted>1</IsTransacted>
      <IntroducedVersion>1.0</IntroducedVersion>
      <IsCustomizable>1</IsCustomizable>
      <BusinessProcessType>0</BusinessProcessType>
      <UIFlowType>2</UIFlowType>
      <IsCustomProcessingStepAllowedForOtherPublishers>1</IsCustomProcessingStepAllowedForOtherPublishers>
      <Metadata>{"isvalid":true,"schemaVersion":"ROBIN_20211012","containsActiveConnections":false}</Metadata>
      <Inputs>{"schema":{"properties":{"FilePath":{"default":"","description":"The unique path of the file.","format":null,"title":"File Path","type":"string","value":"C:\\Users\\arianaavdoulos\\OneDrive - Essex Powerlines Corporation\\Documents\\GitHub\\Power-Automate-Cash-Recipt-Automation\\Save Cash Recipts.xlsx"}},"type":"object"}}</Inputs>
      <Outputs>{"schema":{"properties":{"FileContent":{"default":"","description":"The content of the file.\r\n","format":null,"title":"File Content","type":"string","value":null},"StatusCode":{"default":"","description":"Indicates the status of the flow on terminaition\r\n 0: success\r\n-1: Failure - could not get content","format":null,"title":"Status Code","type":"number","value":null}},"type":"object"}}</Outputs>
      <Dependencies>{"childFlows":[]}</Dependencies>
      <ConnectionReferences>[]</ConnectionReferences>
      <Definition>"@@ConnectionString: ''\r\n@@Type: 'Local'\r\n@@DisplayName: 'Computer'\r\nIMPORT 'controlRepo.appmask' AS appmask\r\nIMPORT 'imageRepo.imgrepo' AS imgrepo\r\n@SENSITIVE: []\r\n@INPUT FilePath : { 'Description': 'The unique path of the file.', 'FriendlyName': 'File Path', 'DefaultValue': 'C:\\\\Users\\\\arianaavdoulos\\\\OneDrive - Essex Powerlines Corporation\\\\Documents\\\\GitHub\\\\Power-Automate-Cash-Recipt-Automation\\\\Save Cash Recipts.xlsx', 'Type': 'String' } \r\n@OUTPUT FileContent : { 'Description': '''The content of the file.\r\n''', 'FriendlyName': 'File Content', 'Type': 'String' } \r\n@OUTPUT StatusCode : { 'Description': '''Indicates the status of the flow on terminaition\r\n 0: success\r\n-1: Failure - could not get content''', 'FriendlyName': 'Status Code', 'Type': 'Numeric' } \r\n# This operation gets the content of a file using the path.\r\nSET StatusCode TO 0\r\nFile.ConvertToBase64 File: FilePath Base64Text=&gt; Base64Text\r\nON ERROR\r\n    SET StatusCode TO -1\r\nEND\r\nCALL Get_MIME_Type\r\nSET FileContent TO $'''{\r\n\\\"$content-type\\\": \\\"%MimeType%\\\",\r\n\\\"$content\\\": \\\"%Base64Text%\\\"\r\n}'''\r\nDISABLE Display.ShowMessageDialog.ShowMessage Title: $'''Output''' Message: $'''Status Code: %StatusCode%\r\nFile Content: %FileContent%''' Icon: Display.Icon.None Buttons: Display.Buttons.OK DefaultButton: Display.DefaultButton.Button1 IsTopMost: False ButtonPressed=&gt; ButtonPressed\r\nFUNCTION Get_MIME_Type GLOBAL\r\n    Text.SplitText.SplitWithDelimiter Text: FilePath CustomDelimiter: $'''.''' IsRegEx: False Result=&gt; TextList\r\n    SET Count TO TextList.Count\r\n    Variables.DecreaseVariable Value: Count DecrementValue: 1\r\n    IF Count &lt; 0 THEN\r\n        SET Count TO 0\r\n    END\r\n    SET Extension TO TextList[Count]\r\n    Text.ChangeCase Text: Extension NewCase: Text.CaseOption.LowerCase Result=&gt; TextWithNewCase\r\n    SWITCH TextWithNewCase\r\n        CASE = $'''acc'''\r\n            SET MimeType TO $'''audio/aac'''\r\n        CASE = $'''abw'''\r\n            SET MimeType TO $'''application/x-abiword'''\r\n        CASE = $'''arc'''\r\n            SET MimeType TO $'''application/x-freearc'''\r\n        CASE = $'''avif'''\r\n            SET MimeType TO $'''image/avif'''\r\n        CASE = $'''avi'''\r\n            SET MimeType TO $'''video/x-msvideo'''\r\n        CASE = $'''azw'''\r\n            SET MimeType TO $'''application/vnd.amazon.ebook'''\r\n        CASE = $'''bin'''\r\n            SET MimeType TO $'''application/octet-stream'''\r\n        CASE = $'''bmp'''\r\n            SET MimeType TO $'''image/bmp'''\r\n        CASE = $'''bz'''\r\n            SET MimeType TO $'''application/x-bzip'''\r\n        CASE = $'''bz2'''\r\n            SET MimeType TO $'''application/x-bzip2'''\r\n        CASE = $'''cda'''\r\n            SET MimeType TO $'''application/x-cdf'''\r\n        CASE = $'''csh'''\r\n            SET MimeType TO $'''application/x-csh'''\r\n        CASE = $'''css'''\r\n            SET MimeType TO $'''text/css'''\r\n        CASE = $'''csv'''\r\n            SET MimeType TO $'''text/csv'''\r\n        CASE = $'''doc'''\r\n            SET MimeType TO $'''application/msword'''\r\n        CASE = $'''docx'''\r\n            SET MimeType TO $'''application/vnd.openxmlformats-officedocument.wordprocessingml.document'''\r\n        CASE = $'''eot'''\r\n            SET MimeType TO $'''application/vnd.ms-fontobject'''\r\n        CASE = $'''epub'''\r\n            SET MimeType TO $'''application/epub+zip'''\r\n        CASE = $'''gz'''\r\n            SET MimeType TO $'''application/gzip'''\r\n        CASE = $'''gif'''\r\n            SET MimeType TO $'''image/gif'''\r\n        CASE = $'''htm'''\r\n            SET MimeType TO $'''text/html'''\r\n        CASE = $'''html'''\r\n            SET MimeType TO $'''text/html'''\r\n        CASE = $'''ico'''\r\n            SET MimeType TO $'''image/vnd.microsoft.icon'''\r\n        CASE = $'''ics'''\r\n            SET MimeType TO $'''text/calendar'''\r\n        CASE = $'''jar'''\r\n            SET MimeType TO $'''application/java-archive'''\r\n        CASE = $'''jpeg'''\r\n            SET MimeType TO $'''image/jpeg'''\r\n        CASE = $'''jpg'''\r\n            SET MimeType TO $'''image/jpeg'''\r\n        CASE = $'''js'''\r\n            SET MimeType TO $'''text/javascript'''\r\n        CASE = $'''json'''\r\n            SET MimeType TO $'''application/json'''\r\n        CASE = $'''jsonld'''\r\n            SET MimeType TO $'''application/ld+json'''\r\n        CASE = $'''mid'''\r\n            SET MimeType TO $'''audio/midi'''\r\n        CASE = $'''midi'''\r\n            SET MimeType TO $'''audio/midi'''\r\n        CASE = $'''mjs'''\r\n            SET MimeType TO $'''text/javascript'''\r\n        CASE = $'''mp3'''\r\n            SET MimeType TO $'''audio/mpeg'''\r\n        CASE = $'''mp4'''\r\n            SET MimeType TO $'''video/mp4'''\r\n        CASE = $'''mpeg'''\r\n            SET MimeType TO $'''video/mpeg'''\r\n        CASE = $'''mpkg'''\r\n            SET MimeType TO $'''application/vnd.apple.installer+xml'''\r\n        CASE = $'''odp'''\r\n            SET MimeType TO $'''application/vnd.oasis.opendocument.presentation'''\r\n        CASE = $'''ods'''\r\n            SET MimeType TO $'''application/vnd.oasis.opendocument.spreadsheet'''\r\n        CASE = $'''odt'''\r\n            SET MimeType TO $'''application/vnd.oasis.opendocument.text'''\r\n        CASE = $'''oga'''\r\n            SET MimeType TO $'''audio/ogg'''\r\n        CASE = $'''ogv'''\r\n            SET MimeType TO $'''video/ogg'''\r\n        CASE = $'''ogx'''\r\n            SET MimeType TO $'''application/ogg'''\r\n        CASE = $'''opus'''\r\n            SET MimeType TO $'''audio/opus'''\r\n        CASE = $'''otf'''\r\n            SET MimeType TO $'''font/otf'''\r\n        CASE = $'''png'''\r\n            SET MimeType TO $'''image/png'''\r\n        CASE = $'''pdf'''\r\n            SET MimeType TO $'''application/pdf'''\r\n        CASE = $'''php'''\r\n            SET MimeType TO $'''application/x-httpd-php'''\r\n        CASE = $'''ppt'''\r\n            SET MimeType TO $'''application/vnd.ms-powerpoint'''\r\n        CASE = $'''pptx'''\r\n            SET MimeType TO $'''application/vnd.openxmlformats-officedocument.presentationml.presentation'''\r\n        CASE = $'''rar'''\r\n            SET MimeType TO $'''application/vnd.rar'''\r\n        CASE = $'''rtf'''\r\n            SET MimeType TO $'''application/rtf'''\r\n        CASE = $'''sh'''\r\n            SET MimeType TO $'''application/x-sh'''\r\n        CASE = $'''svg'''\r\n            SET MimeType TO $'''image/svg+xml'''\r\n        CASE = $'''tar'''\r\n            SET MimeType TO $'''application/x-tar'''\r\n        CASE = $'''tiff'''\r\n            SET MimeType TO $'''image/tiff'''\r\n        CASE = $'''tif'''\r\n            SET MimeType TO $'''image/tiff'''\r\n        CASE = $'''ts'''\r\n            SET MimeType TO $'''video/mp2t'''\r\n        CASE = $'''ttf'''\r\n            SET MimeType TO $'''font/ttf'''\r\n        CASE = $'''txt'''\r\n            SET MimeType TO $'''text/plain'''\r\n        CASE = $'''vsd'''\r\n            SET MimeType TO $'''application/vnd.visio'''\r\n        CASE = $'''wav'''\r\n            SET MimeType TO $'''audio/wav'''\r\n        CASE = $'''weba'''\r\n            SET MimeType TO $'''audio/webm'''\r\n        CASE = $'''webm'''\r\n            SET MimeType TO $'''video/webm'''\r\n        CASE = $'''webp'''\r\n            SET MimeType TO $'''image/webp'''\r\n        CASE = $'''woff'''\r\n            SET MimeType TO $'''font/woff'''\r\n        CASE = $'''woff2'''\r\n            SET MimeType TO $'''font/woff2'''\r\n        CASE = $'''xhtml'''\r\n            SET MimeType TO $'''application/xhtml+xml'''\r\n        CASE = $'''xls'''\r\n            SET MimeType TO $'''application/vnd.ms-excel'''\r\n        CASE = $'''xlsx'''\r\n            SET MimeType TO $'''application/vnd.openxmlformats-officedocument.spreadsheetml.sheet'''\r\n        CASE = $'''xml'''\r\n            SET MimeType TO $'''application/xml'''\r\n        CASE = $'''xul'''\r\n            SET MimeType TO $'''application/vnd.mozilla.xul+xml'''\r\n        CASE = $'''zip'''\r\n            SET MimeType TO $'''application/zip'''\r\n        CASE = $'''3gp'''\r\n            SET MimeType TO $'''video/3gpp'''\r\n        CASE = $'''3g2'''\r\n            SET MimeType TO $'''video/3gpp2'''\r\n        CASE = $'''7z'''\r\n            SET MimeType TO $'''application/x-7z-compressed'''\r\n        DEFAULT\r\n            SET MimeType TO $'''application/octet-stream'''\r\n    END\r\n    DISABLE Display.ShowMessageDialog.ShowMessage Title: $'''Type''' Message: MimeType Icon: Display.Icon.None Buttons: Display.Buttons.OK DefaultButton: Display.DefaultButton.Button1 IsTopMost: False ButtonPressed=&gt; ButtonPressed\r\nEND FUNCTION\r\n"</Definition>
      <SchemaVersion>2022.06</SchemaVersion>
      <PrimaryEntity>none</PrimaryEntity>
      <LocalizedNames>
        <LocalizedName languagecode="1033" description="💻 Get Local File Content Using Path Online" />
      </LocalizedNames>
    </Workflow>
  </Workflows>
  <FieldSecurityProfiles></FieldSecurityProfiles>
  <Templates />
  <EntityMaps />
  <EntityRelationships />
  <OrganizationSettings />
  <optionsets />
  <CustomControls />
  <EntityDataProviders />
  <Languages>
    <Language>1033</Language>
  </Languages>
</ImportExportXml>